product_id,product_name,customer_id,category,Year,Month,Week,Day,order_date,gender,age,city,loyalty_tier,total_revenue,total_quantity,total_orders,min_price,max_price,avg_price,returned_count,returned_amount,avg_order_value,avg_price_per_item,refreshed_at
P109,jeans,C031,apparel,2025,9,38,18,2025-09-18,male,34,lucknow,platinum,47.4,1,1,47.4,47.4,47.4,0,0.0,47.4,47.4,2026-09-26T05:44:24.573Z
P115,Mouse,C020,electronics,2025,10,41,8,2025-10-08,female,58,bangalore,platinum,691.2,3,1,230.4,230.4,230.4,0,0.0,691.2,230.4,2026-09-26T05:44:24.573Z
P112,Backpack,C068,accessories,2025,7,31,29,2025-07-29,male,40,delhi,platinum,382.7,2,1,191.35,191.35,191.35,0,0.0,382.7,191.35,2026-09-26T05:44:24.573Z
P115,mouse,C030,electronics,2025,7,30,22,2025-07-22,null,39,null,bronze,261.35,1,1,261.35,261.35,261.35,0,0.0,261.35,261.35,2026-09-26T05:44:24.573Z
P116, keyboard ,C064,electronics,2025,7,30,27,2025-07-27,female,63,mumbai,silver,631.18,2,1,315.59,315.59,315.59,0,0.0,631.18,315.59,2026-09-26T05:44:24.573Z
P101,T-shirt XL,C012,apparel,2025,8,34,19,2025-08-19,female,52,noida,platinum,960.5699999999999,3,1,320.19,320.19,320.19,1,960.5699999999999,960.5699999999999,320.19,2026-09-26T05:44:24.573Z
P109,Jeans,C027,apparel,2025,8,35,30,2025-08-30,male,54,lucknow,null,705.51,3,1,235.17,235.17,235.17,0,0.0,705.51,235.17,2026-09-26T05:44:24.573Z
P113,Belt,C047,accessories,2025,8,33,17,2025-08-17,null,44,chennai,platinum,754.86,2,1,377.43,377.43,377.43,0,0.0,754.86,377.43,2026-09-26T05:44:24.573Z
P104,Headphone,C061,electronics,2025,2,6,8,2025-02-08,male,65,gurgaon,bronze,1053.72,3,1,351.24,351.24,351.24,0,0.0,1053.72,351.24,2026-09-26T05:44:24.573Z
P100,T-Shirt XL,C029,apparel,2025,8,34,23,2025-08-23,null,21,hyderabad,null,264.78000000000003,3,1,88.26,88.26,88.26,0,0.0,264.78000000000003,88.26,2026-09-26T05:44:24.573Z
P105,Headphones,C071,electronics,2025,8,34,18,2025-08-18,male,54,mumbai,bronze,799.78,2,1,399.89,399.89,399.89,1,799.78,799.78,399.89,2026-09-26T05:44:24.573Z
P110,watch,C046,accessories,2025,7,30,26,2025-07-26,female,59,lucknow,silver,934.98,3,1,311.66,311.66,311.66,0,0.0,934.98,311.66,2026-09-26T05:44:24.573Z
P117,USB Cable,C004,accessories,2025,8,35,31,2025-08-31,male,null,bengaluru,null,93.1,2,1,46.55,46.55,46.55,0,0.0,93.1,46.55,2026-09-26T05:44:24.573Z
P115,Mouse,C071,electronics,2025,5,19,8,2025-05-08,male,54,mumbai,bronze,966.84,2,1,483.42,483.42,483.42,0,0.0,966.84,483.42,2026-09-26T05:44:24.573Z
P105,headphones,C058,electronics,2025,8,32,5,2025-08-05,male,41,delhi,platinum,419.35,1,1,419.35,419.35,419.35,0,0.0,419.35,419.35,2026-09-26T05:44:24.573Z
P105,Headphones,C065,electronics,2025,9,36,3,2025-09-03,male,41,bangalore,gold,1144.74,3,1,381.58,381.58,381.58,1,1144.74,1144.74,381.58,2026-09-26T05:44:24.573Z
P107,Charger,C040,accessories,2025,7,30,21,2025-07-21,female,51,lucknow,bronze,252.4,2,1,126.2,126.2,126.2,1,252.4,252.4,126.2,2026-09-26T05:44:24.573Z
P108,t-shirt l,C024,apparel,2025,8,32,7,2025-08-07,female,20,gurgaon,silver,275.61,3,1,91.87,91.87,91.87,0,0.0,275.61,91.87,2026-09-26T05:44:24.573Z
P119,Sunglasses,C079,accessories,2025,8,35,27,2025-08-27,female,37,hyderabad,platinum,38.66,2,1,19.33,19.33,19.33,0,0.0,38.66,19.33,2026-09-26T05:44:24.573Z
P107,Charger,C027,accessories,2025,11,45,8,2025-11-08,male,54,lucknow,null,87.16,1,1,87.16,87.16,87.16,0,0.0,87.16,87.16,2026-09-26T05:44:24.573Z
P114,adapter,C032,accessories,2025,9,38,18,2025-09-18,null,null,pune,silver,865.52,2,1,432.76,432.76,432.76,0,0.0,865.52,432.76,2026-09-26T05:44:24.573Z
P116,Keyboard,C029,electronics,2025,9,37,10,2025-09-10,null,21,hyderabad,null,88.04,2,1,44.02,44.02,44.02,0,0.0,88.04,44.02,2026-09-26T05:44:24.573Z
P118, Jacket ,C039,apparel,2025,8,32,10,2025-08-10,male,18,noida,platinum,1470.15,3,1,490.05,490.05,490.05,0,0.0,1470.15,490.05,2026-09-26T05:44:24.573Z
P114,adapter,C080,accessories,2025,7,29,20,2025-07-20,female,51,lucknow,silver,145.16,2,1,72.58,72.58,72.58,0,0.0,145.16,72.58,2026-09-26T05:44:24.573Z
P116,Keyboard,C002,electronics,2025,9,38,17,2025-09-17,null,39,gurgaon,silver,1409.31,3,1,469.77,469.77,469.77,0,0.0,1409.31,469.77,2026-09-26T05:44:24.573Z
P114,adapter,C058,accessories,2025,8,32,7,2025-08-07,male,41,delhi,platinum,648.22,2,1,324.11,324.11,324.11,1,648.22,648.22,324.11,2026-09-26T05:44:24.573Z
P119,Sunglasses,C078,accessories,2025,8,34,19,2025-08-19,male,24,delhi,gold,514.38,3,1,171.46,171.46,171.46,0,0.0,514.38,171.46,2026-09-26T05:44:24.573Z
P118,Jacket,C016,apparel,2025,7,30,22,2025-07-22,male,48,mumbai,silver,691.52,2,1,345.76,345.76,345.76,1,691.52,691.52,345.76,2026-09-26T05:44:24.573Z
P102,Sneakers,C048,shoes,2025,8,33,14,2025-08-14,male,null,noida,gold,962.68,2,1,481.34,481.34,481.34,0,0.0,962.68,481.34,2026-09-26T05:44:24.573Z
P100,T-Shirt XL,C027,apparel,2025,7,30,25,2025-07-25,male,54,lucknow,null,1268.01,3,1,422.67,422.67,422.67,0,0.0,1268.01,422.67,2026-09-26T05:44:24.573Z
P107,Charger,C069,accessories,2025,7,30,22,2025-07-22,male,18,null,platinum,423.7,2,1,211.85,211.85,211.85,0,0.0,423.7,211.85,2026-09-26T05:44:24.573Z
P114,Adapter,C043,accessories,2025,8,34,24,2025-08-24,female,30,chennai,bronze,526.05,3,1,175.35,175.35,175.35,1,526.05,526.05,175.35,2026-09-26T05:44:24.573Z
P104, Headphone ,C078,electronics,2025,9,38,18,2025-09-18,male,24,delhi,gold,263.41,1,1,263.41,263.41,263.41,0,0.0,263.41,263.41,2026-09-26T05:44:24.573Z
P107,Charger,C032,accessories,2025,8,31,1,2025-08-01,null,null,pune,silver,20.95,1,1,20.95,20.95,20.95,0,0.0,20.95,20.95,2026-09-26T05:44:24.573Z
P101,t-shirt xl,C032,apparel,2025,8,33,12,2025-08-12,null,null,pune,silver,140.62,1,1,140.62,140.62,140.62,0,0.0,140.62,140.62,2026-09-26T05:44:24.573Z
P104,Headphone,C073,electronics,2025,8,32,4,2025-08-04,female,45,delhi,platinum,843.75,3,1,281.25,281.25,281.25,0,0.0,843.75,281.25,2026-09-26T05:44:24.573Z
P115,mouse,C010,electronics,2025,8,32,5,2025-08-05,male,58,hyderabad,gold,74.13,3,1,24.71,24.71,24.71,1,74.13,74.13,24.709999999999997,2026-09-26T05:44:24.573Z
P115,mouse,C078,electronics,2025,8,33,17,2025-08-17,male,24,delhi,gold,118.85,1,1,118.85,118.85,118.85,1,118.85,118.85,118.85,2026-09-26T05:44:24.573Z
P105,Headphones,C022,electronics,2025,8,33,13,2025-08-13,male,51,gurgaon,platinum,502.7,2,1,251.35,251.35,251.35,0,0.0,502.7,251.35,2026-09-26T05:44:24.573Z
P117,USB Cable,C063,accessories,2025,7,30,23,2025-07-23,male,null,bengaluru,gold,1125.75,3,1,375.25,375.25,375.25,0,0.0,1125.75,375.25,2026-09-26T05:44:24.573Z
P114,Adapter,C041,accessories,2025,9,36,7,2025-09-07,male,24,noida,gold,686.0999999999999,3,1,228.7,228.7,228.7,1,686.0999999999999,686.0999999999999,228.69999999999996,2026-09-26T05:44:24.573Z
P105,Headphones,C056,electronics,2025,9,37,8,2025-09-08,female,68,chennai,gold,551.28,3,1,183.76,183.76,183.76,0,0.0,551.28,183.76,2026-09-26T05:44:24.573Z
P113,belt,C077,accessories,2025,9,36,7,2025-09-07,male,57,kolkata,silver,626.98,2,1,313.49,313.49,313.49,1,626.98,626.98,313.49,2026-09-26T05:44:24.573Z
P116,keyboard,C076,electronics,2025,9,38,18,2025-09-18,male,59,gurgaon,silver,1094.97,3,1,364.99,364.99,364.99,0,0.0,1094.97,364.99,2026-09-26T05:44:24.573Z
P110,Watch,C028,accessories,2025,9,38,16,2025-09-16,female,57,delhi,gold,227.16,3,1,75.72,75.72,75.72,0,0.0,227.16,75.72,2026-09-26T05:44:24.573Z
P114,Adapter,C050,accessories,2025,2,6,9,2025-02-09,male,31,kolkata,gold,373.68,2,1,186.84,186.84,186.84,0,0.0,373.68,186.84,2026-09-26T05:44:24.573Z
P116,Keyboard,C012,electronics,2025,8,33,12,2025-08-12,female,52,noida,platinum,368.98,2,1,184.49,184.49,184.49,0,0.0,368.98,184.49,2026-09-26T05:44:24.573Z
P118,Jacket,C074,apparel,2025,8,34,19,2025-08-19,female,46,mumbai,bronze,793.5,3,1,264.5,264.5,264.5,0,0.0,793.5,264.5,2026-09-26T05:44:24.573Z
P114,Adapter,C068,accessories,2025,8,33,12,2025-08-12,male,40,delhi,platinum,590.3100000000001,3,1,196.77,196.77,196.77,0,0.0,590.3100000000001,196.77,2026-09-26T05:44:24.573Z
P111,Socks,C062,apparel,2025,8,33,17,2025-08-17,female,67,noida,gold,186.06,1,1,186.06,186.06,186.06,0,0.0,186.06,186.06,2026-09-26T05:44:24.573Z
P107,charger,C052,accessories,2025,8,32,4,2025-08-04,male,28,null,silver,623.18,2,1,311.59,311.59,311.59,0,0.0,623.18,311.59,2026-09-26T05:44:24.573Z
P110,Watch,C079,accessories,2025,9,38,17,2025-09-17,female,37,hyderabad,platinum,74.62,1,1,74.62,74.62,74.62,0,0.0,74.62,74.62,2026-09-26T05:44:24.573Z
P112,Backpack,C047,accessories,2025,7,31,30,2025-07-30,null,44,chennai,platinum,75.68,1,1,75.68,75.68,75.68,0,0.0,75.68,75.68,2026-09-26T05:44:24.573Z
P119,Sunglasses,C052,accessories,2025,9,36,4,2025-09-04,male,28,null,silver,658.84,2,1,329.42,329.42,329.42,0,0.0,658.84,329.42,2026-09-26T05:44:24.573Z
P119,Sunglasses,C059,accessories,2025,7,30,25,2025-07-25,female,18,null,silver,846.04,2,1,423.02,423.02,423.02,0,0.0,846.04,423.02,2026-09-26T05:44:24.573Z
P113,Belt,C033,accessories,2025,9,36,5,2025-09-05,male,42,pune,silver,1499.85,3,1,499.95,499.95,499.95,0,0.0,1499.85,499.95,2026-09-26T05:44:24.573Z
P104,Headphone,C031,electronics,2025,9,37,10,2025-09-10,male,34,lucknow,platinum,411.99,3,1,137.33,137.33,137.33,0,0.0,411.99,137.33,2026-09-26T05:44:24.573Z
P117, usb cable ,C019,accessories,2025,8,35,27,2025-08-27,female,36,null,platinum,812.67,3,1,270.89,270.89,270.89,0,0.0,812.67,270.89,2026-09-26T05:44:24.573Z
P102,Sneakers,C012,shoes,2025,8,32,9,2025-08-09,female,52,noida,platinum,262.25,1,1,262.25,262.25,262.25,1,262.25,262.25,262.25,2026-09-26T05:44:24.573Z
P111,socks,C007,apparel,2025,7,30,24,2025-07-24,male,50,kolkata,null,609.12,2,1,304.56,304.56,304.56,0,0.0,609.12,304.56,2026-09-26T05:44:24.573Z
P114,Adapter,C010,accessories,2025,7,31,29,2025-07-29,male,58,hyderabad,gold,134.92,2,1,67.46,67.46,67.46,1,134.92,134.92,67.46,2026-09-26T05:44:24.573Z
P113,Belt,C043,accessories,2025,2,6,8,2025-02-08,female,30,chennai,bronze,197.79,1,1,197.79,197.79,197.79,0,0.0,197.79,197.79,2026-09-26T05:44:24.573Z
P117,usb cable,C074,accessories,2025,9,37,8,2025-09-08,female,46,mumbai,bronze,895.22,2,1,447.61,447.61,447.61,0,0.0,895.22,447.61,2026-09-26T05:44:24.573Z
P112,Backpack,C035,accessories,2025,8,31,3,2025-08-03,female,39,mumbai,platinum,1345.1999999999998,3,1,448.4,448.4,448.4,1,1345.1999999999998,1345.1999999999998,448.3999999999999,2026-09-26T05:44:24.573Z
P108,T-Shirt L,C079,apparel,2025,8,34,19,2025-08-19,female,37,hyderabad,platinum,220.61,1,1,220.61,220.61,220.61,0,0.0,220.61,220.61,2026-09-26T05:44:24.573Z
P117,USB Cable,C043,accessories,2025,8,32,8,2025-08-08,female,30,chennai,bronze,357.36,3,1,119.12,119.12,119.12,0,0.0,357.36,119.12,2026-09-26T05:44:24.573Z
P108,T-Shirt L,C022,apparel,2025,9,37,13,2025-09-13,male,51,gurgaon,platinum,735.6,2,1,367.8,367.8,367.8,1,735.6,735.6,367.8,2026-09-26T05:44:24.573Z
P112,Backpack,C065,accessories,2025,9,36,7,2025-09-07,male,41,bangalore,gold,346.69,1,1,346.69,346.69,346.69,0,0.0,346.69,346.69,2026-09-26T05:44:24.573Z
P107,Charger,C017,accessories,2025,9,37,11,2025-09-11,male,44,delhi,platinum,885.78,3,1,295.26,295.26,295.26,0,0.0,885.78,295.26,2026-09-26T05:44:24.573Z
P104,Headphone,C027,electronics,2025,8,32,8,2025-08-08,male,54,lucknow,null,332.52,1,1,332.52,332.52,332.52,0,0.0,332.52,332.52,2026-09-26T05:44:24.573Z
P112,Backpack,C018,accessories,2025,9,37,9,2025-09-09,male,66,gurgaon,platinum,951.6600000000001,3,1,317.22,317.22,317.22,0,0.0,951.6600000000001,317.22,2026-09-26T05:44:24.573Z
P106,SmartPhone,C044,electronics,2025,9,36,3,2025-09-03,female,null,mumbai,gold,736.86,2,1,368.43,368.43,368.43,1,736.86,736.86,368.43,2026-09-26T05:44:24.573Z
P113,belt,C064,accessories,2025,8,35,29,2025-08-29,female,63,mumbai,silver,787.48,2,1,393.74,393.74,393.74,0,0.0,787.48,393.74,2026-09-26T05:44:24.573Z
P115,Mouse,C032,electronics,2025,8,34,18,2025-08-18,null,null,pune,silver,897.56,2,1,448.78,448.78,448.78,0,0.0,897.56,448.78,2026-09-26T05:44:24.573Z
P113,Belt,C026,accessories,2025,9,37,14,2025-09-14,female,69,gurgaon,platinum,167.38,2,1,83.69,83.69,83.69,0,0.0,167.38,83.69,2026-09-26T05:44:24.573Z
P118,Jacket,C016,apparel,2025,8,35,31,2025-08-31,male,48,mumbai,silver,964.22,2,1,482.11,482.11,482.11,0,0.0,964.22,482.11,2026-09-26T05:44:24.573Z
P106,SmartPhone,C049,electronics,2025,8,35,28,2025-08-28,male,26,delhi,null,195.28,2,1,97.64,97.64,97.64,0,0.0,195.28,97.64,2026-09-26T05:44:24.573Z
P101,T-shirt XL,C059,apparel,2025,8,33,13,2025-08-13,female,18,null,silver,834.78,3,1,278.26,278.26,278.26,0,0.0,834.78,278.26,2026-09-26T05:44:24.573Z
P116,Keyboard,C002,electronics,2025,7,30,25,2025-07-25,null,39,gurgaon,silver,728.88,2,1,364.44,364.44,364.44,1,728.88,728.88,364.44,2026-09-26T05:44:24.573Z
P100,t-shirt xl,C032,apparel,2025,9,38,16,2025-09-16,null,null,pune,silver,280.77,3,1,93.59,93.59,93.59,0,0.0,280.77,93.58999999999999,2026-09-26T05:44:24.573Z
P107,Charger,C012,accessories,2025,8,35,28,2025-08-28,female,52,noida,platinum,474.29999999999995,3,1,158.1,158.1,158.1,0,0.0,474.29999999999995,158.1,2026-09-26T05:44:24.573Z
P119,Sunglasses,C011,accessories,2025,7,31,28,2025-07-28,male,21,delhi,gold,135.3,1,1,135.3,135.3,135.3,0,0.0,135.3,135.3,2026-09-26T05:44:24.573Z
P108,T-Shirt L,C024,apparel,2025,8,35,25,2025-08-25,female,20,gurgaon,silver,439.86,1,1,439.86,439.86,439.86,1,439.86,439.86,439.86,2026-09-26T05:44:24.573Z
P105,Headphones,C043,electronics,2025,8,31,3,2025-08-03,female,30,chennai,bronze,426.26,2,1,213.13,213.13,213.13,0,0.0,426.26,213.13,2026-09-26T05:44:24.573Z
P111,Socks,C026,apparel,2025,9,36,5,2025-09-05,female,69,gurgaon,platinum,234.64,1,1,234.64,234.64,234.64,1,234.64,234.64,234.64,2026-09-26T05:44:24.573Z
P107,Charger,C069,accessories,2025,9,38,18,2025-09-18,male,18,null,platinum,256.12,1,1,256.12,256.12,256.12,0,0.0,256.12,256.12,2026-09-26T05:44:24.573Z
P101,T-shirt XL,C071,apparel,2025,8,34,23,2025-08-23,male,54,mumbai,bronze,1245.3899999999999,6,2,86.45,328.68,207.565,0,0.0,622.6949999999999,207.56499999999997,2026-09-26T05:44:24.573Z
P114,Adapter,C048,accessories,2025,8,35,25,2025-08-25,male,null,noida,gold,267.08,1,1,267.08,267.08,267.08,0,0.0,267.08,267.08,2026-09-26T05:44:24.573Z
P105,Headphones,C006,electronics,2025,9,36,1,2025-09-01,female,37,hyderabad,null,215.87,1,1,215.87,215.87,215.87,0,0.0,215.87,215.87,2026-09-26T05:44:24.573Z
P100,T-Shirt XL,C039,apparel,2025,8,32,10,2025-08-10,male,18,noida,platinum,229.9,1,1,229.9,229.9,229.9,0,0.0,229.9,229.9,2026-09-26T05:44:24.573Z
P100,T-Shirt XL,C051,apparel,2025,9,36,1,2025-09-01,null,31,kolkata,platinum,455.76,1,1,455.76,455.76,455.76,0,0.0,455.76,455.76,2026-09-26T05:44:24.573Z
P112,Backpack,C036,accessories,2025,8,35,25,2025-08-25,male,48,gurgaon,gold,816.04,2,1,408.02,408.02,408.02,0,0.0,816.04,408.02,2026-09-26T05:44:24.573Z
P111,Socks,C071,apparel,2025,8,34,24,2025-08-24,male,54,mumbai,bronze,923.73,3,1,307.91,307.91,307.91,1,923.73,923.73,307.91,2026-09-26T05:44:24.573Z
P116,keyboard,C069,electronics,2025,8,32,4,2025-08-04,male,18,null,platinum,51.04,1,1,51.04,51.04,51.04,0,0.0,51.04,51.04,2026-09-26T05:44:24.573Z
P103,denim jean,C012,apparel,2025,8,33,12,2025-08-12,female,52,noida,platinum,166.8,3,1,55.6,55.6,55.6,0,0.0,166.8,55.6,2026-09-26T05:44:24.573Z
P101,T-shirt XL,C037,apparel,2025,8,35,25,2025-08-25,null,32,mumbai,gold,244.77,3,1,81.59,81.59,81.59,0,0.0,244.77,81.59,2026-09-26T05:44:24.573Z
P101,tshirt xl,C002,apparel,2025,8,31,1,2025-08-01,null,39,gurgaon,silver,19.99,1,1,19.99,19.99,19.99,0,0.0,19.99,19.99,2026-09-26T05:44:24.573Z
P103,Denim Jean,C010,apparel,2025,7,31,29,2025-07-29,male,58,hyderabad,gold,836.24,2,1,418.12,418.12,418.12,0,0.0,836.24,418.12,2026-09-26T05:44:24.573Z
P113,Belt,C012,accessories,2025,7,30,27,2025-07-27,female,52,noida,platinum,947.6,2,1,473.8,473.8,473.8,0,0.0,947.6,473.8,2026-09-26T05:44:24.573Z
P116,Keyboard,C054,electronics,2025,8,34,18,2025-08-18,female,26,delhi,gold,1089.06,3,1,363.02,363.02,363.02,0,0.0,1089.06,363.02,2026-09-26T05:44:24.573Z
P102,Sneakers,C021,shoes,2025,8,35,30,2025-08-30,female,null,noida,null,713.32,2,1,356.66,356.66,356.66,1,713.32,713.32,356.66,2026-09-26T05:44:24.573Z
P102,Sneakers,C074,shoes,2025,9,38,15,2025-09-15,female,46,mumbai,bronze,93.78,1,1,93.78,93.78,93.78,0,0.0,93.78,93.78,2026-09-26T05:44:24.573Z
P117,USB Cable,C006,accessories,2025,2,6,8,2025-02-08,female,37,hyderabad,null,55.7,1,1,55.7,55.7,55.7,0,0.0,55.7,55.7,2026-09-26T05:44:24.573Z
P112,Backpack,C065,accessories,2025,9,37,10,2025-09-10,male,41,bangalore,gold,803.24,2,1,401.62,401.62,401.62,0,0.0,803.24,401.62,2026-09-26T05:44:24.573Z
P117,USB Cable,C034,accessories,2025,7,30,26,2025-07-26,female,46,mumbai,silver,199.49,1,1,199.49,199.49,199.49,0,0.0,199.49,199.49,2026-09-26T05:44:24.573Z
P100,T-Shirt XL,C034,apparel,2025,8,33,11,2025-08-11,female,46,mumbai,silver,789.14,2,1,394.57,394.57,394.57,0,0.0,789.14,394.57,2026-09-26T05:44:24.573Z
P107,Charger,C013,accessories,2025,9,37,11,2025-09-11,male,34,null,silver,256.53000000000003,3,1,85.51,85.51,85.51,0,0.0,256.53000000000003,85.51,2026-09-26T05:44:24.573Z
P106,SmartPhone,C057,electronics,2025,7,30,24,2025-07-24,male,26,gurgaon,gold,338.12,1,1,338.12,338.12,338.12,0,0.0,338.12,338.12,2026-09-26T05:44:24.573Z
P101,t-shirt xl,C068,apparel,2025,9,38,18,2025-09-18,male,40,delhi,platinum,1150.0500000000002,3,1,383.35,383.35,383.35,0,0.0,1150.0500000000002,383.3500000000001,2026-09-26T05:44:24.573Z
P107,Charger,C008,accessories,2025,8,32,7,2025-08-07,null,59,bangalore,silver,19.98,2,1,9.99,9.99,9.99,0,0.0,19.98,9.99,2026-09-26T05:44:24.573Z
P107,Charger,C079,accessories,2025,7,31,31,2025-07-31,female,37,hyderabad,platinum,1279.32,3,1,426.44,426.44,426.44,0,0.0,1279.32,426.44,2026-09-26T05:44:24.573Z
P119,Sunglasses,C061,accessories,2025,8,33,17,2025-08-17,male,65,gurgaon,bronze,53.23,1,1,53.23,53.23,53.23,0,0.0,53.23,53.23,2026-09-26T05:44:24.573Z
P108,T-Shirt L,C075,apparel,2025,8,35,30,2025-08-30,female,31,delhi,null,371.64,2,1,185.82,185.82,185.82,1,371.64,371.64,185.82,2026-09-26T05:44:24.573Z
P101,T-shirt XL,C045,apparel,2025,7,30,24,2025-07-24,female,null,chennai,platinum,22.52,2,1,11.26,11.26,11.26,0,0.0,22.52,11.26,2026-09-26T05:44:24.573Z
P112,Backpack,C072,accessories,2025,7,29,20,2025-07-20,female,19,delhi,platinum,811.8000000000001,3,1,270.6,270.6,270.6,0,0.0,811.8000000000001,270.6,2026-09-26T05:44:24.573Z
P106,SmartPhone,C076,electronics,2025,8,34,19,2025-08-19,male,59,gurgaon,silver,435.39,1,1,435.39,435.39,435.39,0,0.0,435.39,435.39,2026-09-26T05:44:24.573Z
P110,Watch,C016,accessories,2025,8,32,8,2025-08-08,male,48,mumbai,silver,499.38,3,1,166.46,166.46,166.46,0,0.0,499.38,166.46,2026-09-26T05:44:24.573Z
P100,T-Shirt XL,C012,apparel,2025,8,33,15,2025-08-15,female,52,noida,platinum,521.22,3,1,173.74,173.74,173.74,0,0.0,521.22,173.74,2026-09-26T05:44:24.573Z
P107,Charger,C037,accessories,2025,8,34,18,2025-08-18,null,32,mumbai,gold,1035.78,3,1,345.26,345.26,345.26,0,0.0,1035.78,345.26,2026-09-26T05:44:24.573Z
P119,sunglasses,C019,accessories,2025,7,31,31,2025-07-31,female,36,null,platinum,1458.66,3,1,486.22,486.22,486.22,0,0.0,1458.66,486.22,2026-09-26T05:44:24.573Z
P119,Sunglasses,C009,accessories,2025,9,36,2,2025-09-02,female,22,bengaluru,null,546.1800000000001,3,1,182.06,182.06,182.06,0,0.0,546.1800000000001,182.06000000000003,2026-09-26T05:44:24.573Z
P106,SmartPhone,C025,electronics,2025,7,31,31,2025-07-31,male,23,mumbai,silver,702.0,3,1,234.0,234.0,234.0,0,0.0,702.0,234.0,2026-09-26T05:44:24.573Z
P111,Socks,C028,apparel,2025,8,33,15,2025-08-15,female,57,delhi,gold,1292.04,3,1,430.68,430.68,430.68,0,0.0,1292.04,430.68,2026-09-26T05:44:24.573Z
P100,T-Shirt XL,C028,apparel,2025,9,37,9,2025-09-09,female,57,delhi,gold,290.79,1,1,290.79,290.79,290.79,0,0.0,290.79,290.79,2026-09-26T05:44:24.573Z
P118,Jacket,C056,apparel,2025,7,30,25,2025-07-25,female,68,chennai,gold,354.48,2,1,177.24,177.24,177.24,0,0.0,354.48,177.24,2026-09-26T05:44:24.573Z
P110,watch,C010,accessories,2025,8,35,25,2025-08-25,male,58,hyderabad,gold,41.26,1,1,41.26,41.26,41.26,0,0.0,41.26,41.26,2026-09-26T05:44:24.573Z
P102, Sneakers ,C034,shoes,2025,9,37,13,2025-09-13,female,46,mumbai,silver,1467.18,3,1,489.06,489.06,489.06,0,0.0,1467.18,489.06,2026-09-26T05:44:24.573Z
P110,watch,C050,accessories,2025,9,36,7,2025-09-07,male,31,kolkata,gold,1091.4,3,1,363.8,363.8,363.8,0,0.0,1091.4,363.8,2026-09-26T05:44:24.573Z
P119,Sunglasses,C050,accessories,2025,8,33,11,2025-08-11,male,31,kolkata,gold,847.06,2,1,423.53,423.53,423.53,1,847.06,847.06,423.53,2026-09-26T05:44:24.573Z
P111,Socks,C058,apparel,2025,9,38,16,2025-09-16,male,41,delhi,platinum,479.65,1,1,479.65,479.65,479.65,0,0.0,479.65,479.65,2026-09-26T05:44:24.573Z
P112,Backpack,C050,accessories,2025,8,35,30,2025-08-30,male,31,kolkata,gold,250.19,1,1,250.19,250.19,250.19,0,0.0,250.19,250.19,2026-09-26T05:44:24.573Z
P102,Sneakers,C071,shoes,2025,9,37,12,2025-09-12,male,54,mumbai,bronze,1072.0500000000002,3,1,357.35,357.35,357.35,0,0.0,1072.0500000000002,357.3500000000001,2026-09-26T05:44:24.573Z
P108,T-Shirt L,C062,apparel,2025,8,32,6,2025-08-06,female,67,noida,gold,218.85000000000002,3,1,72.95,72.95,72.95,0,0.0,218.85000000000002,72.95,2026-09-26T05:44:24.573Z
P104,Headphone,C031,electronics,2025,9,38,17,2025-09-17,male,34,lucknow,platinum,351.86,1,1,351.86,351.86,351.86,0,0.0,351.86,351.86,2026-09-26T05:44:24.573Z
P117,USB Cable,C006,accessories,2025,9,37,8,2025-09-08,female,37,hyderabad,null,449.57,1,1,449.57,449.57,449.57,0,0.0,449.57,449.57,2026-09-26T05:44:24.573Z
P104,Headphone,C051,electronics,2025,8,35,25,2025-08-25,null,31,kolkata,platinum,571.02,2,1,285.51,285.51,285.51,0,0.0,571.02,285.51,2026-09-26T05:44:24.573Z
P110,watch,C071,accessories,2025,1,2,8,2025-01-08,male,54,mumbai,bronze,1247.52,3,1,415.84,415.84,415.84,1,1247.52,1247.52,415.84,2026-09-26T05:44:24.573Z
P119,Sunglasses,C020,accessories,2025,7,31,29,2025-07-29,female,58,bangalore,platinum,475.68,3,1,158.56,158.56,158.56,0,0.0,475.68,158.56,2026-09-26T05:44:24.573Z
P109,jeans,C025,apparel,2025,8,34,22,2025-08-22,male,23,mumbai,silver,309.52,1,1,309.52,309.52,309.52,0,0.0,309.52,309.52,2026-09-26T05:44:24.573Z
P100,T-Shirt XL,C031,apparel,2025,8,35,28,2025-08-28,male,34,lucknow,platinum,1139.46,3,1,379.82,379.82,379.82,0,0.0,1139.46,379.82,2026-09-26T05:44:24.573Z
P105,Headphones,C014,electronics,2025,9,37,9,2025-09-09,male,null,mumbai,silver,284.15999999999997,3,1,94.72,94.72,94.72,0,0.0,284.15999999999997,94.71999999999998,2026-09-26T05:44:24.573Z
P108,T-Shirt L,C055,apparel,2025,8,34,18,2025-08-18,female,45,hyderabad,platinum,339.03000000000003,3,1,113.01,113.01,113.01,0,0.0,339.03000000000003,113.01,2026-09-26T05:44:24.573Z
P111,Socks,C010,apparel,2025,8,33,16,2025-08-16,male,58,hyderabad,gold,465.16,2,1,232.58,232.58,232.58,0,0.0,465.16,232.58,2026-09-26T05:44:24.573Z
P111,socks,C040,apparel,2025,8,35,26,2025-08-26,female,51,lucknow,bronze,263.01,3,1,87.67,87.67,87.67,1,263.01,263.01,87.67,2026-09-26T05:44:24.573Z
P119,Sunglasses,C006,accessories,2025,8,35,30,2025-08-30,female,37,hyderabad,null,483.57,1,1,483.57,483.57,483.57,0,0.0,483.57,483.57,2026-09-26T05:44:24.573Z
P106,SmartPhone,C051,electronics,2025,9,36,7,2025-09-07,null,31,kolkata,platinum,580.29,3,1,193.43,193.43,193.43,0,0.0,580.29,193.42999999999998,2026-09-26T05:44:24.573Z
P107,charger,C001,accessories,2025,8,31,3,2025-08-03,male,35,delhi,gold,1359.54,3,1,453.18,453.18,453.18,0,0.0,1359.54,453.18,2026-09-26T05:44:24.573Z
P103,denim jean,C004,apparel,2025,8,31,3,2025-08-03,male,null,bengaluru,null,78.0,2,1,39.0,39.0,39.0,0,0.0,78.0,39.0,2026-09-26T05:44:24.573Z
P108,T-Shirt L,C080,apparel,2025,9,37,14,2025-09-14,female,51,lucknow,silver,158.14,1,1,158.14,158.14,158.14,0,0.0,158.14,158.14,2026-09-26T05:44:24.573Z
P106, SmartPhone ,C048,electronics,2025,9,37,13,2025-09-13,male,null,noida,gold,1115.76,3,1,371.92,371.92,371.92,0,0.0,1115.76,371.92,2026-09-26T05:44:24.573Z
P104,Headphone,C050,electronics,2025,9,36,5,2025-09-05,male,31,kolkata,gold,1298.07,3,1,432.69,432.69,432.69,0,0.0,1298.07,432.69,2026-09-26T05:44:24.573Z
P109,Jeans,C046,apparel,2025,7,28,9,2025-07-09,female,59,lucknow,silver,445.37,1,1,445.37,445.37,445.37,0,0.0,445.37,445.37,2026-09-26T05:44:24.573Z
P106,SmartPhone,C006,electronics,2025,8,33,14,2025-08-14,female,37,hyderabad,null,130.39,1,1,130.39,130.39,130.39,0,0.0,130.39,130.39,2026-09-26T05:44:24.573Z
P106,SmartPhone,C053,electronics,2025,7,31,31,2025-07-31,male,30,delhi,platinum,845.25,3,1,281.75,281.75,281.75,0,0.0,845.25,281.75,2026-09-26T05:44:24.573Z
P111,Socks,C070,apparel,2025,7,30,23,2025-07-23,female,67,kolkata,gold,141.56,1,1,141.56,141.56,141.56,0,0.0,141.56,141.56,2026-09-26T05:44:24.573Z
P114,Adapter,C074,accessories,2025,8,34,19,2025-08-19,female,46,mumbai,bronze,1437.21,3,1,479.07,479.07,479.07,1,1437.21,1437.21,479.07,2026-09-26T05:44:24.573Z
P102,Sneakers,C042,shoes,2025,8,35,27,2025-08-27,male,25,mumbai,platinum,174.98,2,1,87.49,87.49,87.49,0,0.0,174.98,87.49,2026-09-26T05:44:24.573Z
P108,T-Shirt L,C067,apparel,2025,8,33,17,2025-08-17,female,23,lucknow,silver,358.2,1,1,358.2,358.2,358.2,0,0.0,358.2,358.2,2026-09-26T05:44:24.573Z
P115,mouse,C039,electronics,2025,8,32,7,2025-08-07,male,18,noida,platinum,798.8,2,1,399.4,399.4,399.4,0,0.0,798.8,399.4,2026-09-26T05:44:24.573Z
P109,Jeans,C030,apparel,2025,7,30,26,2025-07-26,null,39,null,bronze,224.62,1,1,224.62,224.62,224.62,0,0.0,224.62,224.62,2026-09-26T05:44:24.573Z
P108,T-Shirt L,C058,apparel,2025,2,6,9,2025-02-09,male,41,delhi,platinum,312.27,3,1,104.09,104.09,104.09,0,0.0,312.27,104.08999999999999,2026-09-26T05:44:24.573Z
P116,keyboard,C071,electronics,2025,7,30,22,2025-07-22,male,54,mumbai,bronze,490.61,1,1,490.61,490.61,490.61,0,0.0,490.61,490.61,2026-09-26T05:44:24.573Z
P117,USB Cable,C061,accessories,2025,9,37,10,2025-09-10,male,65,gurgaon,bronze,1146.3600000000001,3,1,382.12,382.12,382.12,1,1146.3600000000001,1146.3600000000001,382.12000000000006,2026-09-26T05:44:24.573Z
P105,Headphones,C013,electronics,2025,8,32,10,2025-08-10,male,34,null,silver,84.57,1,1,84.57,84.57,84.57,0,0.0,84.57,84.57,2026-09-26T05:44:24.573Z
P102,Sneakers,C027,shoes,2025,9,37,13,2025-09-13,male,54,lucknow,null,1255.9499999999998,3,1,418.65,418.65,418.65,0,0.0,1255.9499999999998,418.6499999999999,2026-09-26T05:44:24.573Z
P104,Headphone,C010,electronics,2025,10,41,8,2025-10-08,male,58,hyderabad,gold,653.34,2,1,326.67,326.67,326.67,0,0.0,653.34,326.67,2026-09-26T05:44:24.573Z
P111,Socks,C016,apparel,2025,8,34,22,2025-08-22,male,48,mumbai,silver,365.29,1,1,365.29,365.29,365.29,0,0.0,365.29,365.29,2026-09-26T05:44:24.573Z
P103,denim jean,C018,apparel,2025,9,38,17,2025-09-17,male,66,gurgaon,platinum,206.42,1,1,206.42,206.42,206.42,0,0.0,206.42,206.42,2026-09-26T05:44:24.573Z
P107,Charger,C022,accessories,2025,9,37,13,2025-09-13,male,51,gurgaon,platinum,451.71,1,1,451.71,451.71,451.71,0,0.0,451.71,451.71,2026-09-26T05:44:24.573Z
P102,sneakers,C061,shoes,2025,9,36,7,2025-09-07,male,65,gurgaon,bronze,768.16,2,1,384.08,384.08,384.08,0,0.0,768.16,384.08,2026-09-26T05:44:24.573Z
P115,Mouse,C060,electronics,2025,6,23,8,2025-06-08,female,null,bengaluru,platinum,143.76,2,1,71.88,71.88,71.88,1,143.76,143.76,71.88,2026-09-26T05:44:24.573Z
P108,T-Shirt L,C049,apparel,2025,9,36,7,2025-09-07,male,26,delhi,null,195.47,1,1,195.47,195.47,195.47,0,0.0,195.47,195.47,2026-09-26T05:44:24.573Z
P117,USB Cable,C069,accessories,2025,8,32,8,2025-08-08,male,18,null,platinum,516.2,2,1,258.1,258.1,258.1,0,0.0,516.2,258.1,2026-09-26T05:44:24.573Z
P116,Keyboard,C066,electronics,2025,8,33,11,2025-08-11,female,25,delhi,silver,365.85,3,1,121.95,121.95,121.95,0,0.0,365.85,121.95,2026-09-26T05:44:24.573Z
P118,Jacket,C013,apparel,2025,9,36,7,2025-09-07,male,34,null,silver,910.98,2,1,455.49,455.49,455.49,0,0.0,910.98,455.49,2026-09-26T05:44:24.573Z
P104,Headphone,C013,electronics,2025,8,32,8,2025-08-08,male,34,null,silver,43.04,2,1,21.52,21.52,21.52,0,0.0,43.04,21.52,2026-09-26T05:44:24.573Z
P100,T-Shirt XL,C017,apparel,2025,9,38,18,2025-09-18,male,44,delhi,platinum,218.46,2,1,109.23,109.23,109.23,0,0.0,218.46,109.23,2026-09-26T05:44:24.573Z
P113,Belt,C052,accessories,2025,7,29,20,2025-07-20,male,28,null,silver,807.6600000000001,3,1,269.22,269.22,269.22,0,0.0,807.6600000000001,269.22,2026-09-26T05:44:24.573Z
P118,Jacket,C001,apparel,2025,7,30,25,2025-07-25,male,35,delhi,gold,638.5,2,1,319.25,319.25,319.25,0,0.0,638.5,319.25,2026-09-26T05:44:24.573Z
P109,Jeans,C042,apparel,2025,9,36,5,2025-09-05,male,25,mumbai,platinum,391.16999999999996,3,1,130.39,130.39,130.39,0,0.0,391.16999999999996,130.39,2026-09-26T05:44:24.573Z
P110,Watch,C061,accessories,2025,9,38,15,2025-09-15,male,65,gurgaon,bronze,502.02,3,1,167.34,167.34,167.34,1,502.02,502.02,167.34,2026-09-26T05:44:24.573Z
P119,Sunglasses,C046,accessories,2025,7,31,31,2025-07-31,female,59,lucknow,silver,470.64,3,1,156.88,156.88,156.88,0,0.0,470.64,156.88,2026-09-26T05:44:24.573Z
P115,Mouse,C025,electronics,2025,8,33,13,2025-08-13,male,23,mumbai,silver,418.98,2,1,209.49,209.49,209.49,1,418.98,418.98,209.49,2026-09-26T05:44:24.573Z
P116,Keyboard,C047,electronics,2025,9,38,18,2025-09-18,null,44,chennai,platinum,885.24,3,1,295.08,295.08,295.08,0,0.0,885.24,295.08,2026-09-26T05:44:24.573Z
P117,USB Cable,C053,accessories,2025,9,38,17,2025-09-17,male,30,delhi,platinum,432.98,1,1,432.98,432.98,432.98,0,0.0,432.98,432.98,2026-09-26T05:44:24.573Z
P102,Sneakers,C012,shoes,2025,7,30,26,2025-07-26,female,52,noida,platinum,813.66,2,1,406.83,406.83,406.83,0,0.0,813.66,406.83,2026-09-26T05:44:24.573Z
P107,Charger,C001,accessories,2025,9,36,6,2025-09-06,male,35,delhi,gold,477.25,1,1,477.25,477.25,477.25,0,0.0,477.25,477.25,2026-09-26T05:44:24.573Z
P104,Headphone,C039,electronics,2025,9,36,3,2025-09-03,male,18,noida,platinum,352.56,2,1,176.28,176.28,176.28,1,352.56,352.56,176.28,2026-09-26T05:44:24.573Z
P104,Headphone,C041,electronics,2025,9,36,1,2025-09-01,male,24,noida,gold,68.53,1,1,68.53,68.53,68.53,1,68.53,68.53,68.53,2026-09-26T05:44:24.573Z
P101,T-shirt XL,C032,apparel,2025,8,31,3,2025-08-03,null,null,pune,silver,378.42,1,1,378.42,378.42,378.42,1,378.42,378.42,378.42,2026-09-26T05:44:24.573Z
P117,usb cable,C068,accessories,2025,8,31,2,2025-08-02,male,40,delhi,platinum,975.36,3,1,325.12,325.12,325.12,0,0.0,975.36,325.12,2026-09-26T05:44:24.573Z
P119,sunglasses,C069,accessories,2025,8,32,4,2025-08-04,male,18,null,platinum,149.18,1,1,149.18,149.18,149.18,0,0.0,149.18,149.18,2026-09-26T05:44:24.573Z
P111,Socks,C011,apparel,2025,9,38,17,2025-09-17,male,21,delhi,gold,308.91,1,1,308.91,308.91,308.91,0,0.0,308.91,308.91,2026-09-26T05:44:24.573Z
P110,watch,C018,accessories,2025,9,37,10,2025-09-10,male,66,gurgaon,platinum,416.04,1,1,416.04,416.04,416.04,0,0.0,416.04,416.04,2026-09-26T05:44:24.573Z
P119, Sunglasses ,C062,accessories,2025,8,34,23,2025-08-23,female,67,noida,gold,10.87,1,1,10.87,10.87,10.87,0,0.0,10.87,10.87,2026-09-26T05:44:24.573Z
P114,Adapter,C023,accessories,2025,7,31,31,2025-07-31,female,54,hyderabad,silver,575.13,3,1,191.71,191.71,191.71,0,0.0,575.13,191.71,2026-09-26T05:44:24.573Z
P116,Keyboard,C077,electronics,2025,8,31,1,2025-08-01,male,57,kolkata,silver,117.6,1,1,117.6,117.6,117.6,0,0.0,117.6,117.6,2026-09-26T05:44:24.573Z
P114,Adapter,C014,accessories,2025,8,34,24,2025-08-24,male,null,mumbai,silver,1117.47,3,1,372.49,372.49,372.49,0,0.0,1117.47,372.49,2026-09-26T05:44:24.573Z
P112,backpack,C077,accessories,2025,9,38,18,2025-09-18,male,57,kolkata,silver,769.68,2,1,384.84,384.84,384.84,0,0.0,769.68,384.84,2026-09-26T05:44:24.573Z
P102,Sneakers,C032,shoes,2025,8,35,27,2025-08-27,null,null,pune,silver,781.18,2,1,390.59,390.59,390.59,1,781.18,781.18,390.59,2026-09-26T05:44:24.573Z
P116,keyboard,C014,electronics,2025,8,35,31,2025-08-31,male,null,mumbai,silver,207.9,2,1,103.95,103.95,103.95,0,0.0,207.9,103.95,2026-09-26T05:44:24.573Z
P102,Sneakers,C015,shoes,2025,7,31,29,2025-07-29,male,68,gurgaon,platinum,1172.6100000000001,3,1,390.87,390.87,390.87,0,0.0,1172.6100000000001,390.87000000000006,2026-09-26T05:44:24.573Z
P107, Charger ,C019,accessories,2025,9,36,6,2025-09-06,female,36,null,platinum,780.64,2,1,390.32,390.32,390.32,1,780.64,780.64,390.32,2026-09-26T05:44:24.573Z
P106,SmartPhone,C064,electronics,2025,8,32,4,2025-08-04,female,63,mumbai,silver,107.36,1,1,107.36,107.36,107.36,0,0.0,107.36,107.36,2026-09-26T05:44:24.573Z
P100,T-shirt XL,C001,apparel,2025,8,31,1,2025-08-01,male,35,delhi,gold,39.98,2,1,19.99,19.99,19.99,0,0.0,39.98,19.99,2026-09-26T05:44:24.573Z
P102,Sneakers,C057,shoes,2025,8,32,8,2025-08-08,male,26,gurgaon,gold,693.42,2,1,346.71,346.71,346.71,0,0.0,693.42,346.71,2026-09-26T05:44:24.573Z
P100,T-Shirt XL,C064,apparel,2025,8,31,2,2025-08-02,female,63,mumbai,silver,799.86,2,1,399.93,399.93,399.93,0,0.0,799.86,399.93,2026-09-26T05:44:24.573Z
P102,Sneakers,C030,shoes,2025,7,30,26,2025-07-26,null,39,null,bronze,160.11,1,1,160.11,160.11,160.11,0,0.0,160.11,160.11,2026-09-26T05:44:24.573Z
P118,Jacket,C058,apparel,2025,8,35,30,2025-08-30,male,41,delhi,platinum,865.6,2,1,432.8,432.8,432.8,0,0.0,865.6,432.8,2026-09-26T05:44:24.573Z
P100,T-Shirt XL,C049,apparel,2025,9,37,8,2025-09-08,male,26,delhi,null,552.96,3,1,184.32,184.32,184.32,1,552.96,552.96,184.32000000000002,2026-09-26T05:44:24.573Z
P109,Jeans,C015,apparel,2025,8,34,21,2025-08-21,male,68,gurgaon,platinum,636.09,3,1,212.03,212.03,212.03,0,0.0,636.09,212.03,2026-09-26T05:44:24.573Z
P104, headphone ,C063,electronics,2025,7,28,8,2025-07-08,male,null,bengaluru,gold,483.92,2,1,241.96,241.96,241.96,0,0.0,483.92,241.96,2026-09-26T05:44:24.573Z
P102,Sneakers,C032,shoes,2025,7,30,23,2025-07-23,null,null,pune,silver,267.56,2,1,133.78,133.78,133.78,1,267.56,267.56,133.78,2026-09-26T05:44:24.573Z
P118,jacket,C080,apparel,2025,7,30,26,2025-07-26,female,51,lucknow,silver,943.89,3,1,314.63,314.63,314.63,1,943.89,943.89,314.63,2026-09-26T05:44:24.573Z
P114,Adapter,C048,accessories,2025,8,35,26,2025-08-26,male,null,noida,gold,175.76,1,1,175.76,175.76,175.76,0,0.0,175.76,175.76,2026-09-26T05:44:24.573Z
P114,Adapter,C069,accessories,2025,9,36,7,2025-09-07,male,18,null,platinum,306.99,1,1,306.99,306.99,306.99,0,0.0,306.99,306.99,2026-09-26T05:44:24.573Z
P119,Sunglasses,C049,accessories,2025,10,41,8,2025-10-08,male,26,delhi,null,817.32,2,1,408.66,408.66,408.66,0,0.0,817.32,408.66,2026-09-26T05:44:24.573Z
P106,SmartPhone,C074,electronics,2025,8,34,20,2025-08-20,female,46,mumbai,bronze,645.48,2,1,322.74,322.74,322.74,0,0.0,645.48,322.74,2026-09-26T05:44:24.573Z
P113,belt,C066,accessories,2025,9,36,7,2025-09-07,female,25,delhi,silver,239.68,1,1,239.68,239.68,239.68,1,239.68,239.68,239.68,2026-09-26T05:44:24.573Z
P107,Charger,C055,accessories,2025,7,29,20,2025-07-20,female,45,hyderabad,platinum,241.02,1,1,241.02,241.02,241.02,0,0.0,241.02,241.02,2026-09-26T05:44:24.573Z
P113, Belt ,C042,accessories,2025,8,31,3,2025-08-03,male,25,mumbai,platinum,499.79,1,1,499.79,499.79,499.79,1,499.79,499.79,499.79,2026-09-26T05:44:24.573Z
P101,T-shirt XL,C050,apparel,2025,8,34,23,2025-08-23,male,31,kolkata,gold,865.47,3,1,288.49,288.49,288.49,1,865.47,865.47,288.49,2026-09-26T05:44:24.573Z
P108,T-Shirt L,C045,apparel,2025,9,37,11,2025-09-11,female,null,chennai,platinum,939.84,2,1,469.92,469.92,469.92,0,0.0,939.84,469.92,2026-09-26T05:44:24.573Z
P100,T-Shirt XL,C034,apparel,2025,8,34,24,2025-08-24,female,46,mumbai,silver,508.14,2,1,254.07,254.07,254.07,1,508.14,508.14,254.07,2026-09-26T05:44:24.573Z
P107,Charger,C051,accessories,2025,6,23,8,2025-06-08,null,31,kolkata,platinum,381.42,2,1,190.71,190.71,190.71,0,0.0,381.42,190.71,2026-09-26T05:44:24.573Z
P100,T-Shirt XL,C026,apparel,2025,1,2,9,2025-01-09,female,69,gurgaon,platinum,1242.3600000000001,3,1,414.12,414.12,414.12,1,1242.3600000000001,1242.3600000000001,414.12000000000006,2026-09-26T05:44:24.573Z
P104,headphone,C010,electronics,2025,8,35,27,2025-08-27,male,58,hyderabad,gold,444.76,2,1,222.38,222.38,222.38,1,444.76,444.76,222.38,2026-09-26T05:44:24.573Z
P108,T-Shirt L,C063,apparel,2025,9,37,13,2025-09-13,male,null,bengaluru,gold,143.04,2,1,71.52,71.52,71.52,0,0.0,143.04,71.52,2026-09-26T05:44:24.573Z
P116,Keyboard,C065,electronics,2025,5,19,8,2025-05-08,male,41,bangalore,gold,967.72,2,1,483.86,483.86,483.86,0,0.0,967.72,483.86,2026-09-26T05:44:24.573Z
P114,Adapter,C068,accessories,2025,9,38,18,2025-09-18,male,40,delhi,platinum,924.78,3,1,308.26,308.26,308.26,0,0.0,924.78,308.26,2026-09-26T05:44:24.573Z
P105,Headphones,C036,electronics,2025,1,2,9,2025-01-09,male,48,gurgaon,gold,72.6,3,1,24.2,24.2,24.2,0,0.0,72.6,24.2,2026-09-26T05:44:24.573Z
P112,Backpack,C056,accessories,2025,8,33,13,2025-08-13,female,68,chennai,gold,774.44,2,1,387.22,387.22,387.22,0,0.0,774.44,387.22,2026-09-26T05:44:24.573Z
P103,Denim Jean,C069,apparel,2025,8,32,10,2025-08-10,male,18,null,platinum,150.28,1,1,150.28,150.28,150.28,0,0.0,150.28,150.28,2026-09-26T05:44:24.573Z
P112,Backpack,C035,accessories,2025,8,34,24,2025-08-24,female,39,mumbai,platinum,343.88,1,1,343.88,343.88,343.88,0,0.0,343.88,343.88,2026-09-26T05:44:24.573Z
P102,sneakers,C010,shoes,2025,8,34,24,2025-08-24,male,58,hyderabad,gold,868.83,3,1,289.61,289.61,289.61,0,0.0,868.83,289.61,2026-09-26T05:44:24.573Z
P113,belt,C022,accessories,2025,3,10,8,2025-03-08,male,51,gurgaon,platinum,283.92,2,1,141.96,141.96,141.96,0,0.0,283.92,141.96,2026-09-26T05:44:24.573Z
P104,Headphone,C019,electronics,2025,9,38,18,2025-09-18,female,36,null,platinum,1388.52,3,1,462.84,462.84,462.84,0,0.0,1388.52,462.84,2026-09-26T05:44:24.573Z
P104,headphone,C016,electronics,2025,8,31,3,2025-08-03,male,48,mumbai,silver,103.08,1,1,103.08,103.08,103.08,1,103.08,103.08,103.08,2026-09-26T05:44:24.573Z
P107,Charger,C061,accessories,2025,7,30,26,2025-07-26,male,65,gurgaon,bronze,541.14,3,1,180.38,180.38,180.38,0,0.0,541.14,180.38,2026-09-26T05:44:24.573Z
P103,Denim Jean,C004,apparel,2025,7,31,28,2025-07-28,male,null,bengaluru,null,339.97,1,1,339.97,339.97,339.97,0,0.0,339.97,339.97,2026-09-26T05:44:24.573Z
P101,T-shirt XL,C030,apparel,2025,9,37,14,2025-09-14,null,39,null,bronze,417.57,3,1,139.19,139.19,139.19,0,0.0,417.57,139.19,2026-09-26T05:44:24.573Z
P116,Keyboard,C070,electronics,2025,7,30,22,2025-07-22,female,67,kolkata,gold,438.81,1,1,438.81,438.81,438.81,1,438.81,438.81,438.81,2026-09-26T05:44:24.573Z
P113, Belt ,C005,accessories,2025,7,30,25,2025-07-25,male,19,pune,platinum,891.2,2,1,445.6,445.6,445.6,0,0.0,891.2,445.6,2026-09-26T05:44:24.573Z
P114,Adapter,C012,accessories,2025,7,28,9,2025-07-09,female,52,noida,platinum,433.13,1,1,433.13,433.13,433.13,0,0.0,433.13,433.13,2026-09-26T05:44:24.573Z
P105,headphones,C017,electronics,2025,8,35,27,2025-08-27,male,44,delhi,platinum,254.53,1,1,254.53,254.53,254.53,0,0.0,254.53,254.53,2026-09-26T05:44:24.573Z
P102,Sneakers,C044,shoes,2025,8,34,19,2025-08-19,female,null,mumbai,gold,218.51,1,1,218.51,218.51,218.51,0,0.0,218.51,218.51,2026-09-26T05:44:24.573Z
P102,Sneakers,C026,shoes,2025,7,31,28,2025-07-28,female,69,gurgaon,platinum,906.02,2,1,453.01,453.01,453.01,0,0.0,906.02,453.01,2026-09-26T05:44:24.573Z
P115,Mouse,C018,electronics,2025,8,33,15,2025-08-15,male,66,gurgaon,platinum,130.87,1,1,130.87,130.87,130.87,0,0.0,130.87,130.87,2026-09-26T05:44:24.573Z
P102,Sneakers,C003,shoes,2025,8,34,24,2025-08-24,female,null,kolkata,silver,120.08,2,1,60.04,60.04,60.04,1,120.08,120.08,60.04,2026-09-26T05:44:24.573Z
P117,USB Cable,C031,accessories,2025,8,34,20,2025-08-20,male,34,lucknow,platinum,795.0,2,1,397.5,397.5,397.5,1,795.0,795.0,397.5,2026-09-26T05:44:24.573Z
P110,watch,C077,accessories,2025,8,35,28,2025-08-28,male,57,kolkata,silver,495.64,2,1,247.82,247.82,247.82,0,0.0,495.64,247.82,2026-09-26T05:44:24.573Z
P107,Charger,C035,accessories,2025,8,33,13,2025-08-13,female,39,mumbai,platinum,860.0,2,1,430.0,430.0,430.0,0,0.0,860.0,430.0,2026-09-26T05:44:24.573Z
P116,Keyboard,C015,electronics,2025,8,32,5,2025-08-05,male,68,gurgaon,platinum,1067.5500000000002,3,1,355.85,355.85,355.85,0,0.0,1067.5500000000002,355.8500000000001,2026-09-26T05:44:24.573Z
P115,Mouse,C074,electronics,2025,6,23,8,2025-06-08,female,46,mumbai,bronze,185.68,1,1,185.68,185.68,185.68,1,185.68,185.68,185.68,2026-09-26T05:44:24.573Z
P117,USB Cable,C069,accessories,2025,9,37,14,2025-09-14,male,18,null,platinum,1000.0500000000001,3,1,333.35,333.35,333.35,0,0.0,1000.0500000000001,333.35,2026-09-26T05:44:24.573Z
P109,Jeans,C065,apparel,2025,9,36,6,2025-09-06,male,41,bangalore,gold,271.99,1,1,271.99,271.99,271.99,1,271.99,271.99,271.99,2026-09-26T05:44:24.573Z
P115,Mouse,C076,electronics,2025,9,37,11,2025-09-11,male,59,gurgaon,silver,375.74,1,1,375.74,375.74,375.74,0,0.0,375.74,375.74,2026-09-26T05:44:24.573Z
P105, Headphones ,C015,electronics,2025,7,29,20,2025-07-20,male,68,gurgaon,platinum,396.04,1,1,396.04,396.04,396.04,0,0.0,396.04,396.04,2026-09-26T05:44:24.573Z
P118,Jacket,C004,apparel,2025,8,35,25,2025-08-25,male,null,bengaluru,null,567.48,2,1,283.74,283.74,283.74,0,0.0,567.48,283.74,2026-09-26T05:44:24.573Z
P101,T-shirt XL,C049,apparel,2025,8,34,23,2025-08-23,male,26,delhi,null,298.99,1,1,298.99,298.99,298.99,0,0.0,298.99,298.99,2026-09-26T05:44:24.573Z
P117,USB Cable,C054,accessories,2025,9,37,9,2025-09-09,female,26,delhi,gold,380.61,1,1,380.61,380.61,380.61,0,0.0,380.61,380.61,2026-09-26T05:44:24.573Z
P119,sunglasses,C079,accessories,2025,8,33,14,2025-08-14,female,37,hyderabad,platinum,398.47,1,1,398.47,398.47,398.47,1,398.47,398.47,398.47,2026-09-26T05:44:24.573Z
P105,Headphones,C035,electronics,2025,11,45,9,2025-11-09,female,39,mumbai,platinum,50.4,1,1,50.4,50.4,50.4,0,0.0,50.4,50.4,2026-09-26T05:44:24.573Z
P106,SmartPhone,C044,electronics,2025,8,34,20,2025-08-20,female,null,mumbai,gold,234.52,1,1,234.52,234.52,234.52,0,0.0,234.52,234.52,2026-09-26T05:44:24.573Z
P104,headphone,C036,electronics,2025,9,38,15,2025-09-15,male,48,gurgaon,gold,351.92,1,1,351.92,351.92,351.92,0,0.0,351.92,351.92,2026-09-26T05:44:24.573Z
P113,Belt,C078,accessories,2025,8,32,8,2025-08-08,male,24,delhi,gold,1072.1399999999999,3,1,357.38,357.38,357.38,0,0.0,1072.1399999999999,357.37999999999994,2026-09-26T05:44:24.573Z
P112,Backpack,C069,accessories,2025,2,6,9,2025-02-09,male,18,null,platinum,822.3000000000001,3,1,274.1,274.1,274.1,0,0.0,822.3000000000001,274.1,2026-09-26T05:44:24.573Z
P103,denim jean,C056,apparel,2025,12,50,8,2025-12-08,female,68,chennai,gold,558.42,3,1,186.14,186.14,186.14,0,0.0,558.42,186.14,2026-09-26T05:44:24.573Z
P107,Charger,C035,accessories,2025,9,36,5,2025-09-05,female,39,mumbai,platinum,766.4,2,1,383.2,383.2,383.2,0,0.0,766.4,383.2,2026-09-26T05:44:24.573Z
P115,Mouse,C074,electronics,2025,7,31,30,2025-07-30,female,46,mumbai,bronze,41.49,1,1,41.49,41.49,41.49,0,0.0,41.49,41.49,2026-09-26T05:44:24.573Z
P112,Backpack,C020,accessories,2025,8,35,28,2025-08-28,female,58,bangalore,platinum,21.52,2,1,10.76,10.76,10.76,0,0.0,21.52,10.76,2026-09-26T05:44:24.573Z
P105,Headphones,C011,electronics,2025,7,31,31,2025-07-31,male,21,delhi,gold,319.08,1,1,319.08,319.08,319.08,0,0.0,319.08,319.08,2026-09-26T05:44:24.573Z
P117,USB Cable,C036,accessories,2025,8,34,23,2025-08-23,male,48,gurgaon,gold,448.4,1,1,448.4,448.4,448.4,0,0.0,448.4,448.4,2026-09-26T05:44:24.573Z
P108,T-Shirt L,C011,apparel,2025,9,36,6,2025-09-06,male,21,delhi,gold,145.92,1,1,145.92,145.92,145.92,0,0.0,145.92,145.92,2026-09-26T05:44:24.573Z
P113,Belt,C020,accessories,2025,8,34,21,2025-08-21,female,58,bangalore,platinum,437.04,1,1,437.04,437.04,437.04,0,0.0,437.04,437.04,2026-09-26T05:44:24.573Z
P111,socks,C061,apparel,2025,8,33,17,2025-08-17,male,65,gurgaon,bronze,76.5,2,1,38.25,38.25,38.25,0,0.0,76.5,38.25,2026-09-26T05:44:24.573Z
P113,Belt,C069,accessories,2025,8,35,27,2025-08-27,male,18,null,platinum,740.01,3,1,246.67,246.67,246.67,0,0.0,740.01,246.67,2026-09-26T05:44:24.573Z
P103,Denim Jean,C071,apparel,2025,8,33,17,2025-08-17,male,54,mumbai,bronze,419.68,2,1,209.84,209.84,209.84,0,0.0,419.68,209.84,2026-09-26T05:44:24.573Z
P110,Watch,C031,accessories,2025,8,35,31,2025-08-31,male,34,lucknow,platinum,629.13,3,1,209.71,209.71,209.71,0,0.0,629.13,209.71,2026-09-26T05:44:24.573Z
P106,SmartPhone,C070,electronics,2025,9,36,3,2025-09-03,female,67,kolkata,gold,405.0,2,1,202.5,202.5,202.5,0,0.0,405.0,202.5,2026-09-26T05:44:24.573Z
P102,Sneakers,C065,shoes,2025,8,35,26,2025-08-26,male,41,bangalore,gold,269.21999999999997,3,1,89.74,89.74,89.74,0,0.0,269.21999999999997,89.74,2026-09-26T05:44:24.573Z
P109,Jeans,C074,apparel,2025,8,33,14,2025-08-14,female,46,mumbai,bronze,85.24,2,1,42.62,42.62,42.62,1,85.24,85.24,42.62,2026-09-26T05:44:24.573Z
P108,T-Shirt L,C065,apparel,2025,9,37,12,2025-09-12,male,41,bangalore,gold,50.69,1,1,50.69,50.69,50.69,0,0.0,50.69,50.69,2026-09-26T05:44:24.573Z
P109,Jeans,C038,apparel,2025,8,34,21,2025-08-21,male,62,delhi,gold,144.24,2,1,72.12,72.12,72.12,0,0.0,144.24,72.12,2026-09-26T05:44:24.573Z
P112,Backpack,C055,accessories,2025,7,31,31,2025-07-31,female,45,hyderabad,platinum,143.53,1,1,143.53,143.53,143.53,0,0.0,143.53,143.53,2026-09-26T05:44:24.573Z
P111,Socks,C070,apparel,2025,7,31,29,2025-07-29,female,67,kolkata,gold,658.38,2,1,329.19,329.19,329.19,0,0.0,658.38,329.19,2026-09-26T05:44:24.573Z
P100,T-Shirt XL,C068,apparel,2025,8,35,28,2025-08-28,male,40,delhi,platinum,808.38,2,1,404.19,404.19,404.19,0,0.0,808.38,404.19,2026-09-26T05:44:24.573Z
P117,USB Cable,C042,accessories,2025,7,30,24,2025-07-24,male,25,mumbai,platinum,455.15,1,1,455.15,455.15,455.15,0,0.0,455.15,455.15,2026-09-26T05:44:24.573Z
P110,Watch,C015,accessories,2025,8,31,2,2025-08-02,male,68,gurgaon,platinum,976.17,3,1,325.39,325.39,325.39,0,0.0,976.17,325.39,2026-09-26T05:44:24.573Z
P101,T-shirt XL,C031,apparel,2025,8,34,20,2025-08-20,male,34,lucknow,platinum,266.5,1,1,266.5,266.5,266.5,1,266.5,266.5,266.5,2026-09-26T05:44:24.573Z
P113,Belt,C004,accessories,2025,9,37,11,2025-09-11,male,null,bengaluru,null,1427.22,3,1,475.74,475.74,475.74,0,0.0,1427.22,475.74,2026-09-26T05:44:24.573Z
P102,Sneakers,C035,shoes,2025,8,35,27,2025-08-27,female,39,mumbai,platinum,210.02,1,1,210.02,210.02,210.02,1,210.02,210.02,210.02,2026-09-26T05:44:24.573Z
P104,Headphone,C044,electronics,2025,9,36,6,2025-09-06,female,null,mumbai,gold,86.62,1,1,86.62,86.62,86.62,0,0.0,86.62,86.62,2026-09-26T05:44:24.573Z
P113,Belt,C063,accessories,2025,9,37,10,2025-09-10,male,null,bengaluru,gold,260.06,1,1,260.06,260.06,260.06,1,260.06,260.06,260.06,2026-09-26T05:44:24.573Z
