age,city,customer_id,gender,loyalty_tier,signup_date
19,pune,C005,male,platinum,null
22,bengaluru,C009,female,null,2020-05-06T00:00:00.000Z
20,gurgaon,C024,female,silver,2018-03-18T00:00:00.000Z
44,chennai,C047,null,platinum,2020-05-19T00:00:00.000Z
67,kolkata,C070,female,gold,2016-09-22T00:00:00.000Z
24,delhi,C078,male,gold,2018-06-03T00:00:00.000Z
null,bengaluru,C004,male,null,2017-02-21T00:00:00.000Z
52,noida,C012,female,platinum,2021-03-04T00:00:00.000Z
34,null,C013,male,silver,2023-09-06T00:00:00.000Z
39,null,C030,null,bronze,null
39,mumbai,C035,female,platinum,2017-05-20T00:00:00.000Z
31,kolkata,C051,null,platinum,2020-09-11T00:00:00.000Z
59,gurgaon,C076,male,silver,2024-01-03T00:00:00.000Z
null,kolkata,C003,female,silver,null
59,bangalore,C008,null,silver,2021-06-17T00:00:00.000Z
44,delhi,C017,male,platinum,2020-03-04T00:00:00.000Z
58,bangalore,C020,female,platinum,2020-11-05T00:00:00.000Z
null,noida,C021,female,null,null
21,hyderabad,C029,null,null,null
57,delhi,C028,female,gold,null
31,kolkata,C050,male,gold,2017-03-09T00:00:00.000Z
null,bengaluru,C063,male,gold,2023-01-05T00:00:00.000Z
41,bangalore,C065,male,gold,2020-08-09T00:00:00.000Z
31,delhi,C075,female,null,2016-06-24T00:00:00.000Z
35,delhi,C001,male,gold,2020-04-01T00:00:00.000Z
null,mumbai,C014,male,silver,2021-09-21T00:00:00.000Z
18,null,C059,female,silver,2021-09-05T00:00:00.000Z
67,noida,C062,female,gold,2023-04-30T00:00:00.000Z
68,gurgaon,C015,male,platinum,null
51,gurgaon,C022,male,platinum,2019-11-08T00:00:00.000Z
25,mumbai,C042,male,platinum,null
null,chennai,C045,female,platinum,2023-11-02T00:00:00.000Z
26,delhi,C054,female,gold,null
66,gurgaon,C018,male,platinum,2022-01-10T00:00:00.000Z
18,noida,C039,male,platinum,2018-03-22T00:00:00.000Z
null,noida,C048,male,gold,2019-03-20T00:00:00.000Z
41,delhi,C058,male,platinum,2020-09-03T00:00:00.000Z
48,gurgaon,C036,male,gold,2021-04-10T00:00:00.000Z
65,gurgaon,C061,male,bronze,2020-06-22T00:00:00.000Z
23,lucknow,C067,female,silver,2022-12-11T00:00:00.000Z
40,delhi,C068,male,platinum,null
19,delhi,C072,female,platinum,2019-06-16T00:00:00.000Z
51,lucknow,C080,female,silver,2016-01-10T00:00:00.000Z
54,lucknow,C027,male,null,null
30,delhi,C053,male,platinum,2016-09-01T00:00:00.000Z
null,bengaluru,C060,female,platinum,2022-11-03T00:00:00.000Z
39,gurgaon,C002,null,silver,2023-11-14T00:00:00.000Z
48,mumbai,C016,male,silver,2020-08-23T00:00:00.000Z
34,lucknow,C031,male,platinum,null
46,mumbai,C034,female,silver,null
28,null,C052,male,silver,2019-09-17T00:00:00.000Z
45,hyderabad,C055,female,platinum,2017-01-01T00:00:00.000Z
57,kolkata,C077,male,silver,2023-06-04T00:00:00.000Z
37,hyderabad,C006,female,null,2018-04-27T00:00:00.000Z
54,hyderabad,C023,female,silver,2019-01-18T00:00:00.000Z
69,gurgaon,C026,female,platinum,null
32,mumbai,C037,null,gold,2021-03-13T00:00:00.000Z
24,noida,C041,male,gold,2018-03-10T00:00:00.000Z
null,mumbai,C044,female,gold,2020-08-15T00:00:00.000Z
68,chennai,C056,female,gold,2016-08-25T00:00:00.000Z
null,pune,C032,null,silver,2018-12-23T00:00:00.000Z
26,gurgaon,C057,male,gold,2022-10-12T00:00:00.000Z
46,mumbai,C074,female,bronze,null
50,kolkata,C007,male,null,null
36,null,C019,female,platinum,2020-02-18T00:00:00.000Z
54,mumbai,C071,male,bronze,2019-06-25T00:00:00.000Z
30,chennai,C043,female,bronze,2016-06-02T00:00:00.000Z
59,lucknow,C046,female,silver,2018-05-18T00:00:00.000Z
25,delhi,C066,female,silver,2019-09-12T00:00:00.000Z
37,hyderabad,C079,female,platinum,2023-11-30T00:00:00.000Z
21,delhi,C011,male,gold,2021-07-19T00:00:00.000Z
42,pune,C033,male,silver,2021-03-21T00:00:00.000Z
26,delhi,C049,male,null,2019-12-16T00:00:00.000Z
63,mumbai,C064,female,silver,2019-01-12T00:00:00.000Z
58,hyderabad,C010,male,gold,2019-12-12T00:00:00.000Z
23,mumbai,C025,male,silver,2016-12-09T00:00:00.000Z
62,delhi,C038,male,gold,2019-03-13T00:00:00.000Z
51,lucknow,C040,female,bronze,null
18,null,C069,male,platinum,2017-06-15T00:00:00.000Z
45,delhi,C073,female,platinum,2017-11-27T00:00:00.000Z
